City_ID,City,Lat,Lng,Max Temp,Humidity,Cloudiness,Wind Speed,Country,Date
0,ust-nera,64.5667,143.2,-19.69,87,59,0.47,RU,1742435582
1,grytviken,-54.2811,-36.5092,3.11,90,62,1.98,GS,1742435583
2,sittwe,20.15,92.9,25.27,78,54,1.43,MM,1742435585
3,blackmans bay,-43.0167,147.3167,28.74,32,100,0.89,AU,1742435586
4,nova sintra,14.8667,-24.7167,20.7,80,0,12.04,CV,1742435587
5,motygino,58.1831,94.7592,1.3,95,100,3.97,RU,1742435588
6,nadym,65.5333,72.5167,-12.84,96,57,6.27,RU,1742435589
7,severo-yeniseyskiy,60.3725,93.0408,-4.53,96,100,2.47,RU,1742435590
8,rumuruti,0.267,36.5389,15.36,85,90,2.29,KE,1742435592
9,opuwo,-18.0607,13.84,18.66,96,98,1.81,NA,1742435593
10,pandan,14.0453,124.1694,25.96,76,100,9.4,PH,1742435594
11,camocim,-2.9022,-40.8411,24.81,88,97,3.01,BR,1742435595
12,hawaiian paradise park,19.5933,-154.9731,23.28,90,100,3.09,US,1742435596
13,bredasdorp,-34.5322,20.0403,19.98,79,0,1.47,ZA,1742435597
14,chilecito,-29.1619,-67.4974,24.7,46,1,1.66,AR,1742435455
15,aasiaat,68.7098,-52.8699,-11.8,88,100,3.23,GL,1742435599
16,qusmuryn,52.4503,64.6311,3.14,95,100,3.53,KZ,1742435601
17,port saint john's,-31.6229,29.5448,21.78,87,0,3.93,ZA,1742435602
18,sisimiut,66.9395,-53.6735,-9.25,85,100,5.37,GL,1742435603
19,sabang,5.8933,95.3214,28.87,71,97,5.81,ID,1742435604
20,college,64.8569,-147.8028,-6.07,49,75,3.6,US,1742435605
21,ulanhot,46.0833,122.0833,9.6,42,12,8.71,CN,1742435606
22,adamstown,-25.066,-130.1015,24.81,72,100,1.14,PN,1742435607
23,yellowknife,62.456,-114.3525,-18.71,55,20,4.12,CA,1742435526
24,port lincoln,-34.7333,135.8667,20.66,85,100,4.88,AU,1742435610
25,xiaoweizhai,26.1903,107.5125,13.7,50,92,1.01,CN,1742435611
26,chibougamau,49.9168,-74.3659,-2.21,100,100,2.57,CA,1742435612
27,puerto natales,-51.7236,-72.4875,6.71,89,87,3.65,CL,1742435614
28,rio grande,-32.035,-52.0986,20.88,78,0,2.63,BR,1742435615
29,ribeira grande,38.5167,-28.7,13.76,78,51,7.94,PT,1742435616
30,margaret river,-33.95,115.0667,19.08,44,1,1.26,AU,1742435618
31,tiksi,71.6872,128.8694,-19.53,98,90,1.19,RU,1742435619
32,alofi,-19.0595,-169.9187,30.94,70,20,5.66,NU,1742435620
33,albany,42.6001,-73.9662,15.36,37,97,4.51,US,1742435560
34,kujang-up,39.8672,126.0303,7.73,43,1,1.76,KP,1742435507
35,hermanus,-34.4187,19.2345,20.45,63,2,2.17,ZA,1742435623
36,tabou,4.423,-7.3528,25.53,89,100,3.02,CI,1742435624
37,new norfolk,-42.7826,147.0587,29.4,22,100,5.19,AU,1742435625
38,lorengau,-2.0226,147.2712,30.05,68,49,4.98,PG,1742435627
39,markaz-e hukumat-e darweshan,31.1323,64.1934,17.24,18,0,1.02,AF,1742435628
40,udachny,66.4167,112.4,-14.67,88,94,7.65,RU,1742435629
41,edinburgh of the seven seas,-37.0676,-12.3116,13.21,64,99,7.05,SH,1742435630
42,prince george,53.9166,-122.753,3.69,81,100,5.66,CA,1742435632
43,lichuan,30.3,108.85,9.0,62,65,1.29,CN,1742435633
44,nytva,57.9404,55.334,-7.4,87,100,4.47,RU,1742435634
45,buritis,-15.6178,-46.4233,23.88,55,70,0.44,BR,1742435635
46,waitangi,-43.9535,-176.5597,17.68,84,35,0.89,NZ,1742435636
47,arteaga,18.4667,-102.4167,20.35,55,100,1.27,MX,1742435637
48,mokrous,51.2333,47.5167,-1.18,78,5,3.56,RU,1742435638
49,ilulissat,69.2167,-51.1,-7.99,79,75,6.69,GL,1742435639
50,invercargill,-46.4,168.35,21.68,59,4,0.45,NZ,1742435442
51,ghanzi,-21.5667,21.7833,21.72,55,100,3.7,BW,1742435642
52,garoowe,8.4054,48.4845,20.34,95,100,3.56,SO,1742435643
53,stanley,54.868,-1.6985,2.35,100,25,2.57,GB,1742435644
54,port-aux-francais,-49.35,70.2167,6.29,83,100,14.1,TF,1742435646
55,carnarvon,-24.8667,113.6333,27.53,44,2,7.9,AU,1742435647
56,maunabo,18.0072,-65.8993,24.28,69,9,4.09,PR,1742435648
57,akjoujt,19.6969,-14.4164,21.9,33,0,8.26,MR,1742435649
58,minas de marcona,-15.2119,-75.1103,17.91,76,45,4.06,PE,1742435650
59,kristiansund,63.1115,7.732,4.36,60,100,2.06,NO,1742435651
60,akureyri,65.6835,-18.0878,6.96,61,75,5.66,IS,1742435654
61,port elizabeth,-33.918,25.5701,22.95,64,0,1.54,ZA,1742435655
62,puerto ayora,-0.7393,-90.3518,24.75,97,77,2.24,EC,1742435656
63,mount isa,-20.7333,139.5,28.87,79,75,5.14,AU,1742435657
64,hamilton,39.1834,-84.5333,20.0,54,100,7.72,US,1742434921
65,santa ines,-3.6667,-45.38,23.37,97,81,1.39,BR,1742435659
66,sinabang,2.4803,96.3801,27.41,77,97,0.77,ID,1742435660
67,upington,-28.4478,21.2561,22.21,68,0,1.54,ZA,1742435661
68,port mathurin,-19.6833,63.4167,27.55,78,58,9.23,MU,1742435663
69,kalianget,-7.05,113.9333,28.84,74,48,0.54,ID,1742435664
70,caluula,11.9661,50.7569,25.08,78,100,4.6,SO,1742435665
71,tokar,18.4254,37.729,26.54,67,100,6.36,SD,1742435666
72,anadyr,64.75,177.4833,-25.56,75,20,7.0,RU,1742435667
73,duekoue,6.7472,-7.3496,22.55,92,100,1.01,CI,1742435668
74,as sulayyil,20.4607,45.5779,22.08,48,35,2.64,SA,1742435669
75,katsuura,35.1333,140.3,10.45,55,7,2.11,JP,1742435670
76,west island,-12.1568,96.8225,27.99,89,40,6.69,CC,1742435672
77,avarua,-21.2078,-159.775,30.03,66,75,2.57,CK,1742435471
78,namibe,-15.1961,12.1522,23.47,86,100,2.77,AO,1742435457
79,klyuchi,52.2667,79.1667,0.66,74,68,5.68,RU,1742435675
80,fale old settlement,-9.3852,-171.2468,27.99,75,45,2.61,TK,1742435676
81,iqaluit,63.7506,-68.5145,-20.15,65,40,2.06,CA,1742435677
82,qaqortoq,60.7167,-46.0333,-10.8,75,2,7.56,GL,1742435678
83,mermoz boabab,14.7065,-17.4758,22.03,73,0,10.89,SN,1742435679
84,pauini,-7.7136,-66.9764,22.63,98,99,1.05,BR,1742435681
85,ascension,30.2169,-90.9001,22.0,74,100,2.57,US,1742435682
86,siwa oasis,29.2041,25.5195,12.67,52,0,5.3,EG,1742435683
87,poronaysk,49.2167,143.1167,-5.6,81,59,2.95,RU,1742435684
88,sihanoukville,10.6093,103.5296,26.97,61,40,3.09,KH,1742435685
89,asau,46.4333,26.4,-1.18,73,4,2.28,RO,1742435686
90,hadibu,12.65,54.0333,25.01,72,100,2.56,YE,1742435687
91,kashmor,28.4333,69.5833,23.45,18,13,6.6,PK,1742435688
92,remire-montjoly,4.9167,-52.2667,27.02,83,20,2.57,GF,1742435690
93,cabo san lucas,22.8909,-109.9124,23.75,60,45,0.45,MX,1742435629
94,arraial do cabo,-22.9661,-42.0278,23.37,90,100,3.16,BR,1742435692
95,flying fish cove,-10.4217,105.6791,28.82,83,100,4.63,CX,1742435693
96,thompson,55.7435,-97.8558,-10.91,44,40,3.09,CA,1742435694
97,piacabucu,-10.4056,-36.4344,26.52,76,12,4.06,BR,1742435695
98,ciudad del maiz,22.4,-99.6,17.82,29,12,6.78,MX,1742435491
99,keetmanshoop,-26.5833,18.1333,21.51,94,100,1.03,NA,1742435698
100,holualoa,19.6228,-155.9522,24.91,73,75,4.12,US,1742435562
101,progreso,21.2833,-89.6667,24.41,80,0,6.58,MX,1742435700
102,bardai,11.65,7.2333,22.26,5,100,3.24,NG,1742435701
103,karratha,-20.7377,116.8463,31.43,43,0,0.8,AU,1742435702
104,thunder bay,48.4001,-89.3168,0.99,32,75,3.09,CA,1742435703
105,howard springs,-12.497,131.047,30.95,71,98,0.67,AU,1742435704
106,port alfred,-33.5906,26.891,23.41,60,0,2.97,ZA,1742435705
107,sitka,57.0531,-135.33,6.94,65,75,1.54,US,1742435707
108,magadan,59.5667,150.8,-13.3,67,67,2.37,RU,1742435708
109,papatowai,-46.5619,169.4708,19.05,55,0,3.65,NZ,1742435709
110,pisco,-13.7,-76.2167,22.03,73,0,4.12,PE,1742435710
111,saint-philippe,-21.3585,55.7679,26.35,86,79,2.98,RE,1742435711
112,general jose de san martin,-26.5374,-59.3416,21.95,37,0,2.0,AR,1742435712
113,st. john's,47.5649,-52.7093,-0.02,96,100,5.14,CA,1742435415
114,bethel,41.3712,-73.414,10.08,62,100,0.89,US,1742435715
115,kerikeri,-35.2268,173.9474,21.85,48,84,3.48,NZ,1742435716
116,jamestown,42.097,-79.2353,18.8,25,0,6.17,US,1742435717
117,santa ana,33.7456,-117.8678,23.36,26,40,4.12,US,1742435718
118,luderitz,-26.6481,15.1594,22.75,78,98,4.34,NA,1742435719
119,ornskoldsvik,63.2909,18.7153,0.53,80,100,3.09,SE,1742435721
120,palikir - national government center,6.9248,158.1611,28.3,83,75,4.12,FM,1742435722
121,chatillon-sur-seine,47.8585,4.5738,6.4,84,27,2.88,FR,1742435723
122,bengkulu,-3.8004,102.2655,26.86,71,98,1.69,ID,1742435724
123,zhangye,38.9342,100.4517,6.26,24,0,2.13,CN,1742435725
124,hotan,37.0997,79.9269,8.32,21,48,2.05,CN,1742435726
125,christchurch,-43.5333,172.6333,20.18,59,75,5.66,NZ,1742435532
126,la'ie,21.6477,-157.9253,26.17,70,100,4.92,US,1742435728
127,coahuayana de hidalgo,18.7,-103.6583,20.87,86,100,0.41,MX,1742435729
128,olonkinbyen,70.9221,-8.7187,-7.26,63,100,5.6,SJ,1742435731
129,zambezi,-13.5432,23.1047,19.68,81,100,2.43,ZM,1742435732
130,kokopo,-4.352,152.2633,30.6,61,48,3.19,PG,1742435733
131,georgetown,5.4112,100.3354,29.97,67,20,4.12,MY,1742435734
132,ternate,0.8,127.4,28.88,70,61,0.86,ID,1742435735
133,hirosaki,40.5931,140.4725,2.99,54,97,5.69,JP,1742435645
134,garagoa,5.0824,-73.3633,17.29,94,87,0.42,CO,1742435738
135,lekeitio,43.3666,-2.5007,14.67,73,76,5.1,ES,1742435739
136,malango,-2.9627,119.9001,23.18,85,87,0.92,ID,1742435740
137,falenki,58.3613,51.5946,-3.97,96,100,5.24,RU,1742435742
138,luza,60.6308,47.2512,-4.77,93,98,3.89,RU,1742435743
139,emet,39.343,29.2585,-3.67,80,70,3.86,TR,1742435745
140,bilibino,68.0546,166.4372,-17.66,70,5,0.69,RU,1742435746
141,seka,17.9285,103.9552,21.5,38,67,3.27,TH,1742435484
142,brookings,44.3114,-96.7984,1.21,49,0,5.66,US,1742435748
143,badger,64.8,-147.5333,-5.86,54,40,3.09,US,1742435749
144,tazacorte,28.629,-17.9293,18.54,98,100,1.54,ES,1742435750
145,isafjordur,66.0755,-23.124,2.44,95,100,5.44,IS,1742435752
146,dawson creek,55.7666,-120.2362,5.8,45,0,3.09,CA,1742435699
147,dickinson,29.4608,-95.0513,23.03,29,0,7.2,US,1742435558
148,utrik,11.2278,169.8474,26.89,74,54,9.63,MH,1742435756
149,rehoboth,-23.3167,17.0833,21.21,66,100,0.71,NA,1742435689
150,queenstown,-31.8976,26.8753,16.34,50,0,1.32,ZA,1742435758
151,sumbawa besar,-8.5,117.4333,30.67,68,100,0.21,ID,1742435759
152,adh dhibiyah,24.5014,45.9686,24.47,27,56,5.96,SA,1742435760
153,usinsk,65.9939,57.5281,-4.78,94,100,10.12,RU,1742435764
154,dudinka,69.4058,86.1778,-18.42,98,94,5.53,RU,1742435765
155,punta arenas,-53.15,-70.9167,8.06,81,75,11.83,CL,1742435766
156,talnakh,69.4865,88.3972,-18.05,96,99,3.87,RU,1742435768
157,ushuaia,-54.8,-68.3,7.81,81,40,9.26,AR,1742435558
158,codrington,-38.2667,141.9667,22.9,55,100,5.14,AU,1742435771
159,polonne,50.1242,27.5109,0.34,74,0,3.12,UA,1742435772
160,shubarshi,48.5872,57.1869,4.51,92,100,7.73,KZ,1742435773
161,manokwari,-0.8667,134.0833,28.41,69,81,3.07,ID,1742435632
162,inhambane,-23.865,35.3833,22.87,82,57,3.32,MZ,1742435775
163,colonia,50.9333,6.95,8.47,59,0,2.06,DE,1742435776
164,ola,59.5833,151.2833,-13.42,60,13,1.24,RU,1742435778
165,korla,41.7597,86.1469,7.32,23,0,3.46,CN,1742435779
166,san luis,-33.295,-66.3356,21.73,41,2,4.05,AR,1742435626
167,port augusta,-32.5,137.7667,32.07,32,69,7.6,AU,1742435782
168,marquette,46.5333,-87.6335,-0.06,76,100,4.47,US,1742435529
169,ballina,-28.8667,153.5667,23.82,77,100,1.44,AU,1742435785
170,san patricio,28.017,-97.5169,22.97,16,48,5.42,US,1742435786
171,kalabo,-14.97,22.6814,19.83,81,100,2.41,ZM,1742435787
172,atafu village,-8.5421,-172.5159,28.28,73,9,2.3,TK,1742435788
173,iskateley,67.6803,53.1512,-4.45,95,100,4.91,RU,1742435789
174,rongelap,11.1635,166.8941,27.07,78,29,9.38,MH,1742435790
175,vorgashor,67.5833,63.95,-9.25,84,100,7.31,RU,1742435791
176,nuuk,64.1835,-51.7216,-9.66,73,20,0.51,GL,1742435793
177,pathein,16.7833,94.7333,29.66,53,68,3.76,MM,1742435794
178,lazaro cardenas,17.9583,-102.2,23.96,75,52,3.19,MX,1742435795
179,magor,51.5794,-2.8314,9.81,82,26,2.26,GB,1742435796
180,sao gabriel da cachoeira,-0.1303,-67.0892,22.72,99,100,1.05,BR,1742435797
181,jinghong,21.991,100.7341,17.24,60,90,1.29,CN,1742435635
182,shiqian,27.5225,108.2281,13.73,56,0,1.22,CN,1742435799
183,mazagao,-0.115,-51.2894,24.0,97,100,1.75,BR,1742435800
184,freetown,8.484,-13.2299,25.84,78,75,4.63,SL,1742435621
185,fort mcmurray,56.7268,-111.381,2.77,44,100,1.54,CA,1742435803
186,ibeto,10.4854,5.145,25.97,57,90,2.27,NG,1742435804
187,salinas,36.6777,-121.6555,12.29,69,0,4.12,US,1742435805
188,la passe,45.5549,-0.8967,10.73,84,16,8.64,FR,1742435806
189,chonchi,-42.6128,-73.8092,15.62,99,95,1.17,CL,1742435807
190,uturoa,-16.7333,-151.4333,28.63,72,29,3.71,PF,1742435808
191,lucas,41.6501,-83.6666,17.07,64,100,4.63,US,1742435810
192,cidreira,-30.1811,-50.2056,21.81,74,0,1.56,BR,1742435811
193,ambalangoda,6.2355,80.0538,25.19,83,8,1.91,LK,1742435812
194,dryden,49.7833,-92.7503,-3.84,42,0,2.06,CA,1742435813
195,santo antonio,-6.3106,-35.4789,24.29,87,31,2.09,BR,1742435814
196,wuzhou,23.4833,111.3167,20.91,31,6,2.6,CN,1742435617
197,zhanibek,49.4167,46.85,0.65,75,100,3.0,KZ,1742435817
198,livramento do brumado,-13.6431,-41.8406,24.23,44,35,1.89,BR,1742435818
199,porto murtinho,-21.6989,-57.8825,23.59,63,0,1.89,BR,1742435819
200,gulf shores,30.246,-87.7008,20.1,85,0,5.66,US,1742435820
201,soio,-6.1349,12.3689,26.7,83,100,2.53,AO,1742435821
202,kapa'a,22.0752,-159.319,26.18,82,75,7.2,US,1742435822
203,amnat charoen,15.9167,104.75,21.91,47,95,9.67,TH,1742435824
204,karatas,36.582,35.3701,5.72,69,98,9.8,TR,1742435825
205,conde,-7.2597,-34.9075,25.7,83,20,2.06,BR,1742435826
206,conselheiro lafaiete,-20.6603,-43.7861,18.84,95,97,1.22,BR,1742435741
207,tolanaro,-25.0319,46.9987,22.73,87,96,5.08,MG,1742435828
208,sal rei,16.1833,-22.9167,19.79,78,0,9.16,CV,1742435829
209,suva,-18.1416,178.4415,28.71,84,75,2.57,FJ,1742435830
210,fort bragg,35.139,-79.006,18.78,44,0,2.24,US,1742435832
211,santa elena de uairen,4.6167,-61.1333,22.37,68,100,0.29,VE,1742435833
212,greenville,35.6127,-77.3663,17.3,53,0,4.12,US,1742435625
213,puerto colombia,10.9878,-74.9547,27.05,81,32,11.61,CO,1742435835
214,gadzhiyevo,69.2551,33.3362,-7.5,87,100,9.92,RU,1742435836
215,maloye ganyushkino,46.6,49.2667,4.74,66,100,4.89,KZ,1742435837
216,maragogi,-9.0122,-35.2225,25.88,80,2,3.7,BR,1742435839
217,zhanaozen,43.3,52.8,8.77,80,100,7.95,KZ,1742435840
218,fortuna,40.5982,-124.1573,8.85,94,100,2.57,US,1742435841
219,kirakira,-10.4544,161.9205,29.93,71,35,3.3,SB,1742435842
220,ormara,25.2088,64.6357,23.82,66,0,2.42,PK,1742435843
221,folkston,30.8305,-82.0098,17.72,59,9,1.32,US,1742435844
222,walvis bay,-22.9575,14.5053,19.38,96,100,5.28,NA,1742435845
223,kalifornsky,60.4183,-151.29,4.19,83,40,7.2,US,1742435846
224,tralee,52.2704,-9.7026,7.06,97,100,2.62,IE,1742435848
225,wailua homesteads,22.0669,-159.378,25.44,82,75,7.2,US,1742435849
226,shantobe,52.4581,68.1839,1.12,88,96,2.72,KZ,1742435850
227,la calera,-31.3438,-64.3353,20.6,77,0,3.6,AR,1742435851
228,olyokminsk,60.3736,120.4264,-4.02,89,94,8.14,RU,1742435853
229,abancay,-13.6339,-72.8814,14.59,96,99,1.71,PE,1742435854
230,kodiak,57.79,-152.4072,2.73,81,75,4.63,US,1742435855
231,taghazout,30.5426,-9.7112,16.86,64,2,4.17,MA,1742435856
232,vadso,70.0744,29.7487,-5.91,86,32,9.77,NO,1742435857
233,saint-felicien,48.6501,-72.4491,-1.62,93,20,2.06,CA,1742435858
234,kununurra,-15.7667,128.7333,30.99,84,32,2.06,AU,1742435765
235,pervomayskoye,43.919,46.7102,3.57,82,100,5.11,RU,1742435860
236,newman,37.3138,-121.0208,13.36,48,100,4.06,US,1742435863
237,arvika,59.6553,12.5852,-0.04,90,93,1.25,SE,1742435864
238,kohtla-jarve,59.3986,27.2731,-0.05,92,29,4.04,EE,1742435865
239,lihue,21.9789,-159.3672,25.77,69,75,7.2,US,1742435866
240,melfort,52.8667,-104.6177,-3.93,80,35,3.6,CA,1742435867
241,celestun,20.8667,-90.4,23.8,78,4,6.83,MX,1742435869
242,seydi,39.4816,62.9137,17.49,33,2,3.78,TM,1742435870
243,plouzane,48.3833,-4.6167,13.1,73,0,6.17,FR,1742435871
244,borazjan,29.2666,51.2159,22.65,30,37,1.3,IR,1742435872
245,saipan,15.1355,145.701,30.39,80,40,5.66,MP,1742435873
246,polyarnyy,69.1989,33.4478,-7.4,86,100,9.56,RU,1742435874
247,birnin kudu,11.4459,9.4984,22.05,10,100,1.66,NG,1742435877
248,sungailiat,-1.85,106.1333,25.37,86,100,4.64,ID,1742435878
249,saldanha,-33.0117,17.9442,17.74,91,44,3.46,ZA,1742435879
250,lebu,-37.6167,-73.65,13.89,94,2,5.78,CL,1742435880
251,jiuquan,39.7432,98.5174,5.68,20,3,1.45,CN,1742435881
252,hasaki,35.7333,140.8333,7.74,76,99,5.76,JP,1742435882
253,zanesville,39.9404,-82.0132,18.1,30,49,8.46,US,1742435883
254,flin flon,54.7682,-101.865,-10.49,96,100,1.31,CA,1742435885
255,buka,40.8108,69.1986,14.22,28,0,0.55,UZ,1742435886
256,petropavlovsk-kamchatsky,53.0452,158.6483,-5.67,58,75,2.0,RU,1742435887
257,mwinilunga,-11.7358,24.4293,15.79,96,100,1.45,ZM,1742435888
258,chinsali,-10.5414,32.0816,16.39,98,100,1.85,ZM,1742435889
259,tateyama,34.9833,139.8667,9.47,56,14,4.28,JP,1742435890
260,yangambi,0.8102,24.4336,20.39,92,100,0.97,CD,1742435892
261,benguela,-12.5763,13.4055,26.19,84,100,1.44,AO,1742435893
262,concepcion de la sierra,-27.9831,-55.5203,21.92,38,0,2.87,AR,1742435894
263,okhotsk,59.3833,143.3,-13.21,76,99,3.55,RU,1742435895
264,leticia,-4.2153,-69.9406,26.03,94,20,0.0,CO,1742435896
265,spas-klepiki,55.1347,40.1767,0.25,92,94,3.66,RU,1742435897
266,longyearbyen,78.2186,15.6401,-16.09,60,20,6.17,SJ,1742435899
267,beyneu,45.3167,55.2,8.31,82,13,6.17,KZ,1742435900
268,coquimbo,-29.9533,-71.3436,17.85,85,100,3.6,CL,1742435775
269,hammerfest,70.6634,23.6821,-4.75,86,100,8.23,NO,1742435902
270,ocos,14.5094,-92.1933,28.1,70,15,3.83,GT,1742435903
271,kone,-21.0595,164.8658,30.08,61,95,2.49,NC,1742435904
272,tsiombe,-25.3,45.4833,21.92,86,99,5.78,MG,1742435905
273,nieuw amsterdam,5.8833,-55.0833,24.79,88,32,4.17,SR,1742435907
274,bandiagara,14.3501,-3.6104,29.55,12,37,2.83,ML,1742435908
275,alice springs,-23.7,133.8833,32.75,35,67,3.6,AU,1742435909
276,salekhard,66.53,66.6019,-9.82,90,100,5.29,RU,1742435910
277,vilyuysk,63.7553,121.6247,-8.6,93,100,2.69,RU,1742435911
278,ashburton,-37.8626,145.0794,27.65,61,49,3.58,AU,1742435912
279,goz beida,13.95,20.55,25.13,10,29,4.22,TD,1742435913
280,tangalle,6.024,80.7911,26.09,84,55,4.98,LK,1742435915
281,chernyshevsk,52.5243,117.0174,1.79,95,100,2.53,RU,1742435916
282,santana,-0.0583,-51.1817,27.1,89,0,4.63,BR,1742435917
283,yarmouth,41.7057,-70.2286,4.45,96,100,3.6,US,1742435918
284,whitehorse,60.7161,-135.0538,3.43,52,75,6.17,CA,1742435919
285,mount gambier,-37.8333,140.7667,20.64,61,100,2.37,AU,1742435921
286,antigonish,45.6169,-61.9986,-1.77,95,9,0.92,CA,1742435922
287,tvoroyri,61.5556,-6.8111,7.06,86,37,3.66,FO,1742435923
288,naze,28.3667,129.4833,12.51,57,100,4.81,JP,1742435860
289,arar,30.9753,41.0381,16.01,39,0,7.72,SA,1742435925
290,pariaman,-0.619,100.12,28.03,73,100,1.83,ID,1742435775
291,kingston,17.997,-76.7936,25.53,61,20,4.12,JM,1742435652
292,gressier,18.55,-72.5167,23.17,69,0,1.44,HT,1742435929
293,hithadhoo,-0.6,73.0833,28.22,69,36,1.58,MV,1742435930
294,talas,38.6908,35.5538,-5.63,93,100,0.0,TR,1742435931
295,niafunke,15.9322,-3.9906,30.77,10,0,3.69,ML,1742435932
296,magway,20.15,94.9167,27.69,44,5,1.29,MM,1742435933
297,gamba,-2.65,10.0,25.88,90,100,1.88,GA,1742435934
298,saint-pierre,-21.3393,55.4781,24.82,83,0,2.06,RE,1742435935
299,tuy hoa,13.0833,109.3,21.41,88,100,5.32,VN,1742435937
300,vorkuta,67.5,64.0,-9.21,84,100,7.37,RU,1742435938
301,barauna,-5.08,-37.6167,23.57,93,22,3.03,BR,1742435939
302,fuyuan,46.4333,127.0833,5.19,53,100,4.26,CN,1742435940
303,carolina beach,34.0352,-77.8936,15.57,73,100,3.25,US,1742435941
304,lewiston orchards,46.3804,-116.9754,11.95,39,0,4.12,US,1742435942
305,los alamos,35.8881,-106.307,2.39,23,0,4.12,US,1742435653
306,east london,-33.0153,27.9116,22.1,70,0,3.24,ZA,1742435945
307,alotau,-10.3069,150.4462,32.35,55,71,2.89,PG,1742435947
308,mahad,18.0833,73.4167,25.54,36,0,1.13,IN,1742435948
309,ariquemes,-9.9133,-63.0408,23.09,99,100,1.46,BR,1742435742
310,san antonio de pale,-1.4014,5.6325,27.49,75,69,2.76,GQ,1742435950
311,ar rutbah,33.0381,40.2848,12.52,63,0,7.41,IQ,1742435952
312,kibaya,-5.3,36.5667,15.48,94,100,1.93,TZ,1742435953
313,valparaiso,-33.0393,-71.6273,18.04,75,100,2.57,CL,1742435881
314,swan hill,-35.3378,143.5544,29.02,41,100,6.14,AU,1742435955
315,holbrook,40.8123,-73.0784,8.36,87,75,5.14,US,1742435839
316,sirmaur,24.85,81.3833,23.67,23,25,0.7,IN,1742435957
317,kamaishi,39.2667,141.8833,5.24,51,99,6.49,JP,1742435958
318,nabire,-3.3667,135.4833,30.21,64,99,2.07,ID,1742435959
319,caconda,-13.7333,15.0667,16.44,97,100,1.18,AO,1742435961
320,waimea,20.0231,-155.6717,18.63,98,100,1.96,US,1742435962
321,fallon,39.4735,-118.7774,13.93,44,75,6.17,US,1742435963
322,fehrbellin,52.8135,12.7644,2.7,68,0,2.29,DE,1742435964
323,bosaso,11.2842,49.1816,25.1,73,100,3.23,SO,1742435965
324,nogliki,51.8333,143.1667,-4.6,79,29,3.1,RU,1742435966
325,turkmenbasy,40.0222,52.9552,9.43,100,100,7.2,TM,1742435967
326,mahabaleshwar,17.9167,73.6667,21.8,27,0,1.98,IN,1742435969
327,ishigaki,24.3448,124.1572,17.07,48,40,8.23,JP,1742435970
328,wenatchee,47.4235,-120.3103,6.16,69,100,2.24,US,1742435971
329,oriximina,-1.7656,-55.8661,24.58,95,96,0.53,BR,1742435972
330,taoudenni,22.6783,-3.9836,27.36,9,68,4.13,ML,1742435973
331,san antonio oeste,-40.7319,-64.9477,26.51,37,99,5.0,AR,1742435974
332,ghadamis,30.1337,9.5007,21.19,24,70,9.87,LY,1742435975
333,paita,-5.0892,-81.1144,23.66,75,100,5.8,PE,1742435977
334,saltillo,25.4167,-101.0,17.68,31,0,7.6,MX,1742435978
335,murghob,38.1702,73.9667,-20.93,80,2,2.46,TJ,1742435979
336,bodaybo,57.8506,114.1933,-2.62,80,100,5.22,RU,1742435725
337,kinablangan,7.6947,126.5503,28.1,71,5,1.95,PH,1742435981
338,montana,43.4125,23.225,2.92,40,0,1.38,BG,1742435982
339,bouza,14.4229,6.0428,22.77,8,50,3.21,NE,1742435984
340,afaahiti,-17.75,-149.2833,26.65,74,1,2.69,PF,1742435985
341,midvagur,62.0511,-7.1939,3.46,93,75,1.03,FO,1742435986
342,westport,41.1415,-73.3579,9.37,73,0,4.12,US,1742435819
343,hastings,50.8552,0.5729,10.55,81,100,0.52,GB,1742435907
344,inverness,57.4791,-4.224,-2.05,100,14,0.0,GB,1742435989
345,wanganui,-39.9333,175.05,18.02,65,98,4.13,NZ,1742435990
346,tsengel,49.4783,100.8894,-0.23,51,28,2.46,MN,1742435992
347,hinton,53.4001,-117.5857,-2.08,94,100,1.33,CA,1742435993
348,el granada,37.5027,-122.4694,13.9,60,100,4.12,US,1742435994
349,ammon,43.4696,-111.9666,0.55,66,74,1.34,US,1742435995
350,dalhart,36.0595,-102.5133,1.93,44,95,3.02,US,1742435997
351,bikenibeu village,1.3673,173.1241,29.98,74,20,4.63,KI,1742435998
352,charters towers,-20.1,146.2667,23.29,91,100,4.02,AU,1742435999
353,pimentel,-6.8367,-79.9342,23.16,73,0,8.23,PE,1742436000
354,quellon,-43.1167,-73.6167,13.37,99,97,3.77,CL,1742436002
355,dunedin,-45.8742,170.5036,17.38,67,4,5.61,NZ,1742436003
356,haiku-pauwela,20.9219,-156.3051,23.98,81,100,9.83,US,1742436004
357,itoman,26.1247,127.6694,17.21,42,75,4.12,JP,1742436006
358,mbanga,4.5016,9.5671,24.04,94,63,0.91,CM,1742436007
359,laramie,41.3114,-105.5911,-4.13,50,2,5.92,US,1742436008
360,nemuro,43.3236,145.575,-0.88,84,99,2.63,JP,1742436009
361,gizo,-8.103,156.8419,29.09,71,24,0.77,SB,1742436010
362,novodvinsk,64.4165,40.8122,-7.14,93,100,4.18,RU,1742435751
363,machali,-34.1833,-70.6667,17.8,54,19,1.27,CL,1742436011
364,al jawf,29.5,38.75,14.84,46,0,2.87,SA,1742436014
365,estella-lizarra,42.6718,-2.0323,9.98,92,100,8.35,ES,1742436015
366,pernio,60.2,23.1333,0.01,94,54,1.57,FI,1742436016
367,rundu,-17.9333,19.7667,20.2,78,100,1.91,NA,1742436017
368,manzhouli,49.6,117.4333,1.8,95,82,8.0,CN,1742436018
369,fernie,49.5,-115.0687,-3.11,96,92,1.97,CA,1742436019
370,yamada,39.4667,141.95,5.44,50,97,5.89,JP,1742436020
371,mahina,-17.5065,-149.489,29.87,74,75,3.6,PF,1742436022
372,mejit,10.2753,170.8646,26.84,77,98,9.31,MH,1742436023
373,ribeira brava,32.65,-17.0667,15.95,72,76,8.15,PT,1742436024
374,northam,51.0333,-4.2167,8.84,86,98,3.27,GB,1742436025
375,somers point,39.3176,-74.5946,8.08,81,0,2.57,US,1742436029
376,tawau,4.2498,117.8871,28.07,78,100,1.34,MY,1742436030
377,lerwick,60.1545,-1.1494,6.64,88,99,5.83,GB,1742436031
378,kalmunai,7.4167,81.8167,27.04,81,47,2.33,LK,1742436032
379,coxen hole,16.3244,-86.5366,25.6,78,0,7.2,HN,1742436034
380,itai,-23.4178,-49.0906,17.03,88,2,4.51,BR,1742436035
381,mount pleasant,32.7941,-79.8626,16.16,80,100,3.09,US,1742436036
382,chengde,40.9725,117.9361,11.15,22,1,3.51,CN,1742436037
383,kavieng,-2.5744,150.7967,29.73,68,71,3.87,PG,1742436038
384,sampit,-2.5333,112.95,27.62,84,100,1.38,ID,1742436039
385,ad-damazin,11.7891,34.3592,28.56,20,34,1.39,SD,1742436041
386,aurangabad,19.8833,75.3333,25.05,38,40,0.0,IN,1742436042
387,vanimo,-2.6741,141.3028,27.83,85,100,2.4,PG,1742436043
388,happy valley-goose bay,53.3168,-60.3315,-7.83,67,20,1.54,CA,1742436044
389,susuman,62.7833,148.1667,-19.2,84,100,1.22,RU,1742436045
390,mansa,29.9833,75.3833,19.24,31,55,1.28,IN,1742436047
391,manuguru,17.981,80.7547,24.75,79,1,2.67,IN,1742436048
392,crane,31.3974,-102.3501,12.14,17,0,6.23,US,1742435870
393,vernon,50.2581,-119.2691,5.74,68,100,1.54,CA,1742436050
394,ifanadiana,-21.3,47.6333,16.77,96,10,1.41,MG,1742436051
395,al khums,32.6486,14.2619,14.55,76,11,6.6,LY,1742436052
396,novyy turtkul',41.55,61.0167,18.29,21,100,3.39,UZ,1742436053
397,solikamsk,59.6196,56.7729,-7.4,95,100,4.37,RU,1742436055
398,shalqar,47.8333,59.6,8.34,85,100,3.56,KZ,1742436056
399,garachico,28.7781,-17.7646,17.06,72,100,1.54,ES,1742436057
400,touros,-5.1989,-35.4608,26.33,79,4,4.65,BR,1742436058
401,klaksvik,62.2266,-6.589,5.59,77,38,3.19,FO,1742436059
402,sarospatak,48.3167,21.5833,4.31,80,0,0.74,HU,1742436060
403,abasolo,20.45,-101.5167,19.8,15,100,1.81,MX,1742436010
404,rahuri,19.3833,74.65,24.47,25,34,2.5,IN,1742436064
405,marka,1.7159,44.7717,26.06,83,95,4.49,SO,1742436065
406,nar'yan-mar,67.6713,53.087,-4.49,95,100,4.84,RU,1742436066
407,carutapera,-1.195,-46.02,24.17,95,70,2.31,BR,1742436067
408,ishinomaki,38.4167,141.3,6.73,55,70,4.61,JP,1742436068
409,punta del este,-34.9667,-54.95,21.06,89,75,3.09,UY,1742436070
410,cururupu,-1.8283,-44.8683,23.11,99,16,0.45,BR,1742436071
411,lionel town,17.8101,-77.2406,22.63,68,0,2.45,JM,1742436072
412,ghat,24.9647,10.1728,25.36,20,8,0.89,LY,1742436073
413,anbu,23.449,116.6809,14.96,67,5,1.0,CN,1742436074
414,alto barinas,8.5931,-70.2261,28.83,60,95,1.63,VE,1742436075
415,the bottom,17.6259,-63.2492,24.11,70,30,2.4,BQ,1742436076
416,antsiranana,-12.2787,49.2917,24.13,86,100,3.01,MG,1742436078
417,challapata,-18.9,-66.7667,11.31,67,35,4.1,BO,1742436080
418,zakynthos,37.7914,20.8953,9.61,62,0,4.02,GR,1742436082
419,bude,50.8243,-4.5413,8.26,76,54,2.68,GB,1742436084
420,oranjemund,-28.55,16.4333,22.16,80,100,2.5,NA,1742436085
421,ambon,-3.6954,128.1814,32.71,100,20,2.06,ID,1742436087
422,xilin hot,43.9667,116.0333,6.05,38,96,7.03,CN,1742436088
423,markovo,57.3206,107.0881,-0.29,94,100,1.03,RU,1742436089
424,tataouine,32.9297,10.4518,13.47,81,100,5.5,TN,1742436091
425,st. paul,44.9444,-93.0933,2.31,49,0,7.2,US,1742436006
426,vilyuchinsk,52.9306,158.4028,-4.85,66,97,2.59,RU,1742436093
427,zhob,31.3411,69.4481,14.85,40,94,2.28,PK,1742436095
428,ivins,37.1686,-113.6794,12.31,17,34,0.89,US,1742436096
429,nkove,-7.95,30.85,21.07,95,100,2.28,TZ,1742436098
430,mareeba,-17.0,145.4333,29.66,63,100,3.2,AU,1742436099
431,iowa falls,42.5225,-93.2513,1.08,75,100,12.35,US,1742436100
432,glace bay,46.1969,-59.957,-0.48,97,100,4.63,CA,1742436102
433,lospalos,-8.5186,127.0025,27.41,75,100,3.01,TL,1742436103
434,asubulaq,49.5583,83.0558,0.05,63,1,3.32,KZ,1742436105
435,tura,25.5198,90.2201,26.64,23,0,0.73,IN,1742436107
436,sarandi del yi,-33.35,-55.6333,19.95,59,2,2.59,UY,1742436108
437,san sebastian de la gomera,28.0916,-17.1133,18.2,88,75,6.17,ES,1742436109
438,gaspe,48.8334,-64.4819,-0.88,69,40,3.6,CA,1742436112
439,gambela,8.25,34.5833,25.45,63,49,0.68,ET,1742436113
440,dhidhdhoo,6.8833,73.1,28.9,72,7,4.03,MV,1742436114
441,novyy urgal,51.0736,132.5642,-6.47,84,100,0.5,RU,1742436115
442,kaa-khem,51.6833,94.7333,-5.01,82,21,0.86,RU,1742436116
443,nova vicosa,-17.8919,-39.3719,26.2,78,0,4.94,BR,1742436112
444,vila velha,-20.3297,-40.2925,23.97,94,40,1.54,BR,1742435854
445,belyy yar,53.6039,91.3903,1.94,93,64,1.0,RU,1742436120
446,vila franca do campo,37.7167,-25.4333,13.23,76,27,7.97,PT,1742436121
447,malabar,-33.9667,151.25,31.59,56,0,4.12,AU,1742436122
448,isiro,2.7739,27.616,18.36,99,100,1.18,CD,1742436123
449,slave lake,55.2834,-114.769,0.99,51,20,1.54,CA,1742436124
450,egilsstadir,65.2653,-14.3948,0.95,80,0,2.57,IS,1742436125
451,keflavik,64.0049,-22.5624,7.24,87,100,13.38,IS,1742436127
452,trinity beach,-16.7888,145.6968,28.94,84,75,3.6,AU,1742436128
453,rechka-vydrino,51.485,104.8461,5.46,73,48,1.82,RU,1742436129
454,enewetak,11.3474,162.3373,26.79,81,98,9.15,MH,1742436130
455,kapuskasing,49.4169,-82.4331,0.05,74,100,2.06,CA,1742436005
456,muli,2.9167,73.5667,28.9,71,97,4.15,MV,1742436133
457,puerto deseado,-47.7503,-65.8938,18.57,47,100,5.95,AR,1742436134
458,praia da vitoria,38.7333,-27.0667,13.14,76,40,8.47,PT,1742436135
459,sharypovo,55.5403,89.2008,7.73,41,100,6.74,RU,1742436136
460,lautoka,-17.6167,177.4667,30.92,66,75,6.17,FJ,1742436137
461,leava,-14.3,-178.1667,28.5,74,34,3.92,WF,1742436138
462,gapyeong,37.831,127.5106,8.17,60,7,2.66,KR,1742435922
463,dakhla,23.6848,-15.958,17.23,81,0,3.41,EH,1742436141
464,broken hill,-31.95,141.4333,30.13,42,2,9.24,AU,1742435965
465,constantia,44.1833,28.65,3.38,62,11,4.0,RO,1742436087
466,reggane,26.7158,0.1714,23.81,10,56,1.33,DZ,1742436144
467,zav'yalovo,56.7847,53.3776,-4.22,73,57,5.64,RU,1742436145
468,moyale,3.5167,39.0584,21.75,59,100,4.56,KE,1742436146
469,kasane,-17.8167,25.15,16.32,86,94,1.9,BW,1742436148
470,papao,-17.75,-149.55,29.82,73,6,2.61,PF,1742436149
471,jalapa,19.5333,-96.9167,17.87,72,0,3.57,MX,1742435867
472,portland,45.5234,-122.6762,10.92,74,100,4.47,US,1742436000
473,taroa,8.7058,171.2275,27.0,81,17,9.73,MH,1742436152
474,lithgow,-33.4833,150.15,27.08,34,47,2.76,AU,1742436153
475,ati,13.2154,18.3353,26.52,11,90,5.4,TD,1742436154
476,vanino,49.0869,140.2543,-2.36,71,35,1.35,RU,1742436156
477,brady,31.1352,-99.3351,12.25,24,75,11.32,US,1742435950
478,zaozersk,69.4005,32.4476,-7.75,84,100,9.51,RU,1742436158
479,vuktyl,63.8567,57.3094,-4.76,92,100,6.95,RU,1742436159
480,puerto el triunfo,13.2833,-88.55,26.99,74,5,2.57,SV,1742436160
481,barreirinha,-2.7933,-57.07,23.98,96,100,0.97,BR,1742436161
482,ciudad lazaro cardenas,17.9583,-102.2,23.96,75,52,3.19,MX,1742436059
483,labrador city,52.9463,-66.9114,-5.05,63,75,3.09,CA,1742436013
484,esperantinopolis,-4.8667,-44.7083,22.85,98,78,0.93,BR,1742436165
485,gereida,11.2811,25.1414,23.67,14,39,4.35,SD,1742436166
486,general conesa,-40.1,-64.4333,26.37,45,99,3.94,AR,1742436167
487,filadelfia,39.9523,-75.1638,12.83,50,100,1.34,US,1742436070
488,abepura,-2.6333,140.5833,30.45,66,20,2.06,ID,1742436169
489,surazh,53.0175,32.3918,-1.3,96,13,3.05,RU,1742436170
490,ushirombo,-3.4919,31.9639,17.7,98,100,1.22,TZ,1742436171
491,kabalo,-6.05,26.9167,20.01,99,100,0.99,CD,1742436173
492,al burayqah,30.4062,19.5739,12.96,55,0,6.57,LY,1742436174
493,bambanglipuro,-7.95,110.2833,29.09,69,5,1.94,ID,1742436175
494,tomatlan,19.9333,-105.25,19.83,71,0,0.6,MX,1742436176
495,fort st. john,56.2499,-120.8529,4.94,52,75,2.57,CA,1742436009
496,puerto baquerizo moreno,-0.9,-89.6,26.81,77,51,3.18,EC,1742435947
497,san julian,21.0167,-102.1667,19.01,9,100,4.1,MX,1742436179
498,meadow lake,34.8014,-106.5436,5.47,13,0,6.16,US,1742436182
499,hoemul-li,41.4339,129.67,10.51,40,45,1.76,KP,1742436183
500,bubaque,11.2833,-15.8333,22.68,75,39,2.96,GW,1742436184
501,mitsamiouli,-11.3847,43.2844,27.87,75,100,1.24,KM,1742436185
502,khorinsk,52.1657,109.7726,7.9,65,91,7.32,RU,1742436186
503,chincha alta,-13.4099,-76.1323,22.0,78,94,1.81,PE,1742436188
504,jolo,6.05,121.0167,29.71,71,87,1.82,PH,1742436189
505,kavaratti,10.5669,72.642,28.42,76,3,3.14,IN,1742436190
506,sarmiento,-45.5882,-69.07,18.2,50,100,11.07,AR,1742436191
507,lompoc,34.6391,-120.4579,12.51,77,0,3.09,US,1742436192
508,segarcea,44.1,23.75,-0.18,56,0,0.42,RO,1742436193
509,ahrensbok,54.0086,10.5743,-0.18,78,0,2.55,DE,1742436195
510,chimbarongo,-34.7,-71.05,19.61,59,90,0.72,CL,1742435959
511,guichon,-32.35,-57.2,21.23,47,0,2.63,UY,1742436197
512,las palmas,28.4204,-14.0131,17.44,77,0,3.09,ES,1742436198
513,mafeteng,-29.823,27.2374,14.11,55,0,0.87,LS,1742436199
514,mata-utu,-13.2816,-176.1745,28.66,75,28,5.27,WF,1742436200
515,joao pinheiro,-17.7425,-46.1725,20.77,83,23,2.74,BR,1742435963
516,al muwayh,22.4333,41.7583,22.79,47,0,1.55,SA,1742436203
517,barda,40.3744,47.1267,10.21,66,100,0.93,AZ,1742436204
518,acarau,-2.8856,-40.12,24.98,88,4,2.42,BR,1742436205
519,yashan,22.1975,109.9419,22.59,31,10,2.86,CN,1742436206
520,nguigmi,14.2495,13.1092,26.1,11,74,4.47,NE,1742436207
521,floro,61.5996,5.0328,4.98,70,100,9.77,NO,1742436209
522,swakopmund,-22.6833,14.5333,19.43,97,100,5.05,NA,1742436210
523,paphos,34.7667,32.4167,7.91,76,9,1.03,CY,1742436211
524,bonthe,7.5264,-12.505,24.45,92,82,2.03,SL,1742436212
525,haenam,34.5711,126.5989,11.19,53,0,7.21,KR,1742436215
526,jayapura,-2.5333,140.7,30.66,77,100,1.64,ID,1742436216
527,acajutla,13.5928,-89.8275,27.36,66,0,2.12,SV,1742436217
528,laojunmiao,39.8333,97.7333,2.59,20,4,2.86,CN,1742436218
529,luanco,43.6152,-5.7934,16.71,68,100,4.5,ES,1742436219
530,zapolyarnyy,69.4154,30.8136,-13.96,94,28,4.75,RU,1742436221
531,al bawiti,28.3492,28.8659,11.24,61,0,5.6,EG,1742436222
532,byron bay,-28.65,153.6167,24.17,79,100,2.54,AU,1742436223
533,larkird,35.4894,66.6641,2.41,53,0,3.54,AF,1742436224
534,le port,-20.9373,55.2919,26.98,79,84,1.29,RE,1742436225
535,kemi,65.8596,24.8228,-12.13,79,0,1.03,FI,1742436226
536,choix,26.7092,-108.3219,22.77,17,89,3.21,MX,1742436227
537,mogocha,53.7333,119.7667,3.98,57,100,3.16,RU,1742436229
538,san pedro piedra gorda,22.45,-102.35,18.61,8,0,4.7,MX,1742436231
539,bechar,31.6167,-2.2167,19.18,16,0,2.06,DZ,1742436232
540,leninskoye,41.7589,69.3864,11.35,32,0,2.04,KZ,1742436233
541,forster,-32.1667,152.5167,25.57,59,100,5.24,AU,1742436234
542,gorontalo,0.5412,123.0595,31.78,60,100,1.15,ID,1742436218
543,kyabram,-36.3167,145.05,25.51,59,100,4.13,AU,1742436237
544,el calafate,-50.3408,-72.2768,7.55,80,3,5.35,AR,1742436132
545,longgang,37.6508,120.3286,8.3,56,0,8.32,CN,1742436239
546,arroyo seco,-33.1549,-60.5086,22.08,54,0,1.95,AR,1742436240
547,george town,5.4112,100.3354,29.97,67,20,4.12,MY,1742436241
548,porto tolle,44.9497,12.3245,6.08,64,0,1.36,IT,1742436242
549,chasong,41.4608,126.6414,3.66,41,7,3.16,KP,1742436243
550,nikolayevsk-on-amure,53.1406,140.73,-3.24,79,100,1.73,RU,1742436245
551,undurkhaan,47.3194,110.6556,6.98,50,87,6.67,MN,1742436246
552,igoumenitsa,39.5039,20.2656,6.5,65,0,2.28,GR,1742436247
553,barranquilla,10.9639,-74.7964,26.88,78,20,7.2,CO,1742436004
554,vallenar,-28.5708,-70.7581,18.84,67,0,1.02,CL,1742436004
555,dzhangala,49.2167,50.3333,1.36,75,51,3.56,KZ,1742436250
556,saint-marcel,49.1,1.45,8.45,79,0,1.54,FR,1742436252
557,polovinnoye,54.7914,65.9864,1.29,93,100,3.16,RU,1742436253
558,sandnessjoen,66.0217,12.6316,0.92,99,100,2.24,NO,1742436254
559,mandalgovi,45.7625,106.2708,4.05,27,5,5.19,MN,1742436255
560,douglas,41.3,-96.167,1.44,86,100,4.92,US,1742436256
561,sao vicente,-23.9631,-46.3919,20.55,26,44,1.49,BR,1742436257
562,kurmuk,10.55,34.2833,25.18,26,81,1.06,SD,1742436259
563,bac lieu,9.285,105.7244,28.18,57,99,3.92,VN,1742436260
564,natal,-5.795,-35.2094,27.12,78,20,3.09,BR,1742435601
565,el charco,2.4769,-78.1105,24.56,94,100,1.09,CO,1742436262
566,altpinar,39.2042,32.7478,-7.0,77,100,5.14,TR,1742436263
567,ningyang,35.7642,116.7914,14.82,29,0,2.35,CN,1742436116
568,belmonte,-15.8631,-38.8828,27.28,72,82,4.32,BR,1742436138
569,usogorsk,63.4106,48.6872,-6.16,87,100,5.61,RU,1742436266
570,hirara,24.8,125.2833,18.15,48,40,7.72,JP,1742436268
571,kailua-kona,19.6406,-155.9956,26.98,72,100,3.6,US,1742436269
572,paidha,2.4167,30.9855,16.53,93,100,2.06,UG,1742436271
573,cannonvale,-20.2833,148.7,25.66,73,100,5.3,AU,1742436272
574,nantucket,41.2835,-70.0995,4.06,100,100,5.52,US,1742436273
575,magalia,39.8121,-121.5783,9.12,81,100,3.9,US,1742436025
576,xylofagou,34.9772,33.8492,10.28,72,26,9.8,CY,1742436276
577,qinzhou,21.95,108.6167,22.33,27,86,3.41,CN,1742436277
578,selkirk,50.1436,-96.8845,-2.68,77,96,0.45,CA,1742436278
579,midoun,33.8081,10.9923,16.92,80,10,10.43,TN,1742436279
580,stephenville,32.2207,-98.2023,10.08,39,0,8.23,US,1742436280
581,sinan,34.8262,126.1086,5.48,84,0,8.02,KR,1742436281
582,tumpat,6.1978,102.171,26.99,78,20,4.12,MY,1742436283
583,yazykovo,55.2199,56.1353,-8.33,96,51,3.03,RU,1742436284
584,mumford,5.2618,-0.759,26.79,88,85,5.48,GH,1742436285
585,phanom sarakham,13.7479,101.3553,26.46,39,100,8.68,TH,1742436286
586,alpena,45.0617,-83.4327,3.39,84,100,4.12,US,1742436288
587,bireun,5.203,96.7009,26.75,69,98,1.17,ID,1742436289
588,ust'-barguzin,53.45,108.9833,3.12,89,100,4.6,RU,1742436290
589,mossendjo,-2.9506,12.7261,21.2,99,100,0.68,CG,1742436291
590,westhill,57.1526,-2.2797,-0.61,100,5,1.03,GB,1742436292
591,erdenet,49.0333,104.0833,3.19,39,45,2.19,MN,1742436181
592,el porvenir,13.7617,-87.3458,24.82,65,47,0.94,HN,1742436294
593,el obeid,13.1842,30.2167,23.03,16,18,4.27,SD,1742436295
594,alamogordo,32.8995,-105.9603,10.64,11,0,3.6,US,1742436003
595,kendari,-3.945,122.4989,24.48,96,100,0.51,ID,1742436114
596,agat village,13.3886,144.6585,30.76,80,75,6.17,GU,1742436299
